,Track URI,danceability,energy,key,loudness,mode,speechiness,acousticness,instrumentalness,liveness,valence,tempo,duration_ms,time_signature,genres,danceability_energy_ratio,danceability_valence_ratio
2,,0.429,0.661,11,-7.227,1,0.0281,0.00239,0.000121,0.234,0.285,173.372,266773.0,4,alternative,0.283569,0.12226499999999998
10,,0.486,0.617,5,-7.115,0,0.0287,0.0954,3.23e-06,0.109,0.417,138.015,242373.0,4,alternative,0.29986199999999996,0.20266199999999998
17,,0.496,0.863,9,-4.153,1,0.0381,0.0046,0.0,0.639,0.243,110.018,185587.0,4,alternative,0.428048,0.120528
21,,0.413,0.881,11,-5.541,0,0.0367,5.99e-05,0.000308,0.0805,0.364,158.066,250547.0,4,alternative,0.363853,0.150332
22,,0.434,0.897,0,-4.918,1,0.0488,0.0103,0.0,0.612,0.684,148.726,167067.0,4,alternative,0.38929800000000003,0.296856
26,,0.472,0.671,4,-4.649,1,0.029,0.0129,0.0,0.159,0.0681,82.952,232800.0,4,alternative,0.316712,0.0321432
27,,0.442,0.943,3,-3.205,1,0.0602,0.00293,8.71e-06,0.091,0.781,85.064,181533.0,4,alternative,0.41680599999999995,0.345202
30,,0.458,0.795,0,-3.265,1,0.0574,0.00316,0.000202,0.0756,0.513,123.229,255373.0,4,alternative,0.36411000000000004,0.23495400000000002
32,,0.463,0.857,4,-3.063,1,0.0632,0.0506,0.0,0.184,0.856,111.647,161920.0,4,alternative,0.396791,0.396328
36,,0.466,0.833,7,-4.215,1,0.304,0.0266,0.0,0.0327,0.661,88.785,313573.0,4,alternative,0.388178,0.308026
42,,0.433,0.959,9,-4.04,1,0.0431,0.000917,0.0,0.028,0.365,172.984,269373.0,4,alternative,0.415247,0.158045
43,,0.497,0.97,10,-4.851,0,0.0836,9.04e-05,0.000674,0.101,0.689,138.081,197200.0,4,alternative,0.48208999999999996,0.342433
47,,0.494,0.842,7,-4.784,1,0.0843,0.00579,0.0,0.122,0.574,162.011,229093.0,4,alternative,0.415948,0.283556
49,,0.492,0.81,7,-5.315,1,0.0847,0.0416,0.00379,0.117,0.245,149.954,251840.0,4,alternative,0.39852000000000004,0.12054
51,,0.451,0.931,9,-3.871,1,0.0719,0.00076,0.0049,0.361,0.172,122.961,302840.0,4,alternative,0.41988100000000006,0.077572
56,,0.467,0.988,11,-3.313,1,0.112,0.000152,0.0484,0.28,0.321,130.433,220427.0,4,alternative,0.46139600000000003,0.149907
69,,0.489,0.649,9,-5.11,1,0.0336,0.000603,0.713,0.101,0.77,158.009,219827.0,4,alternative,0.317361,0.37653
85,,0.402,0.914,9,-5.215,1,0.142,0.000579,0.0,0.065,0.626,196.505,178267.0,4,alternative,0.36742800000000003,0.25165200000000004
86,,0.494,0.939,1,-3.127,1,0.126,0.00666,0.0,0.139,0.893,177.751,175093.0,4,alternative,0.46386599999999995,0.441142
89,,0.467,0.958,4,-4.808,0,0.0775,0.000479,0.199,0.299,0.701,145.92,180880.0,4,alternative,0.447386,0.327367
92,,0.446,0.632,1,-12.197,1,0.034,0.0793,0.000266,0.0881,0.359,113.176,233173.0,4,alternative,0.281872,0.160114
93,,0.448,0.784,9,-3.686,1,0.0627,0.106,0.000108,0.668,0.236,136.245,186813.0,4,alternative,0.35123200000000004,0.105728
96,,0.438,0.94,2,-3.249,1,0.0452,8.74e-05,0.0777,0.3,0.421,100.99,261000.0,3,alternative,0.41172,0.184398
121,,0.424,0.615,9,-6.217,0,0.0325,0.0158,0.000389,0.0844,0.155,77.935,318591.0,4,alternative,0.26076,0.06572
141,,0.459,0.276,11,-10.339,1,0.036,0.63,9.5e-05,0.104,0.128,114.169,248827.0,4,alternative,0.12668400000000002,0.058752000000000006
153,,0.472,0.745,4,-5.297,1,0.0356,0.000607,2.74e-05,0.0957,0.0631,180.06,252926.0,4,alternative,0.35163999999999995,0.0297832
155,,0.444,0.557,0,-5.476,1,0.0602,0.453,0.0,0.152,0.296,115.058,234910.0,4,alternative,0.24730800000000003,0.13142399999999999
161,,0.48,0.311,9,-7.887,1,0.0258,0.313,1.52e-05,0.113,0.162,86.15,391829.0,4,alternative,0.14928,0.07776
165,,0.495,0.931,2,-5.336,0,0.0469,0.0025,0.0819,0.246,0.617,104.05,244293.0,4,alternative,0.460845,0.305415
173,,0.464,0.814,10,-6.371,1,0.0369,0.00882,0.2,0.162,0.467,161.845,298920.0,4,alternative,0.377696,0.21668800000000002
174,,0.431,0.771,5,-7.176,1,0.0375,0.0877,0.0214,0.121,0.772,201.002,145893.0,4,alternative,0.332301,0.332732
179,,0.447,0.848,2,-6.175,1,0.222,0.033,7.46e-05,0.65,0.485,172.253,205200.0,4,alternative,0.379056,0.216795
187,,0.464,0.797,0,-5.244,1,0.0333,0.006,0.000304,0.392,0.547,129.964,213173.0,4,alternative,0.369808,0.25380800000000003
194,,0.442,0.887,4,-5.943,0,0.1,0.0259,4.57e-06,0.0655,0.637,146.358,218080.0,4,alternative,0.392054,0.281554
200,,0.481,0.645,10,-8.535,0,0.318,0.0863,6.2e-06,0.332,0.612,151.307,157560.0,4,alternative,0.310245,0.29437199999999997
209,,0.417,0.63,9,-7.24,1,0.0898,0.0209,0.0134,0.0543,0.341,94.214,254533.0,4,alternative,0.26271,0.14219700000000002
212,,0.416,0.827,4,-5.177,1,0.0384,0.00428,0.000242,0.277,0.87,169.902,236712.0,4,alternative,0.34403199999999995,0.36191999999999996
214,,0.441,0.684,9,-7.495,0,0.031,0.374,0.000848,0.108,0.971,199.001,141000.0,4,alternative,0.301644,0.428211
215,,0.463,0.836,2,-2.776,0,0.0381,0.000418,7.38e-06,0.25,0.713,141.955,165120.0,4,alternative,0.387068,0.330119
231,,0.412,0.944,0,-2.896,1,0.0448,0.0724,0.000493,0.801,0.79,123.091,215000.0,4,alternative,0.38892799999999994,0.32548
233,,0.401,0.933,8,-5.682,1,0.0344,0.00744,0.627,0.318,0.734,127.193,310893.0,4,alternative,0.37413300000000005,0.294334
241,,0.451,0.939,5,-2.82,0,0.0512,0.00673,4.85e-06,0.0774,0.448,93.416,204200.0,4,alternative,0.423489,0.202048
243,,0.439,0.434,7,-14.918,1,0.0265,0.0783,4.87e-05,0.14,0.204,94.845,274707.0,4,alternative,0.190526,0.089556
248,,0.452,0.909,9,-3.977,1,0.0366,0.0313,0.0603,0.23,0.805,124.623,225787.0,4,alternative,0.410868,0.36386
249,,0.404,0.72,10,-9.18,0,0.0623,5.59e-05,0.836,0.0466,0.475,121.864,258467.0,4,alternative,0.29088,0.19190000000000002
251,,0.478,0.854,7,-5.454,1,0.0289,0.0204,1.21e-06,0.115,0.274,91.854,274160.0,4,alternative,0.40821199999999996,0.130972
259,,0.436,0.876,10,-4.902,0,0.0647,3.33e-05,0.000104,0.205,0.512,157.044,255080.0,4,alternative,0.381936,0.223232
260,,0.438,0.905,9,-6.161,1,0.0419,9.44e-06,5.4e-05,0.363,0.723,134.163,162667.0,4,alternative,0.39639,0.316674
261,,0.457,0.909,0,-9.451,1,0.0317,0.0016,0.000276,0.135,0.755,115.998,156667.0,4,alternative,0.41541300000000003,0.34503500000000004
265,,0.478,0.923,10,-7.547,1,0.0569,2.7e-05,0.719,0.325,0.165,133.135,213800.0,4,alternative,0.441194,0.07887
268,,0.49,0.652,2,-5.813,1,0.0274,0.00196,6.24e-05,0.0991,0.339,90.085,192467.0,4,alternative,0.31948,0.16611
275,,0.484,0.0874,0,-17.796,1,0.0394,0.894,0.154,0.11,0.219,94.163,256120.0,4,alternative,0.0423016,0.10599599999999999
279,,0.494,0.936,4,-7.195,0,0.0401,0.0112,0.000693,0.276,0.835,107.393,224480.0,4,alternative,0.462384,0.41248999999999997
280,,0.442,0.52,0,-8.648,1,0.0261,0.184,0.0,0.154,0.177,77.437,304880.0,4,alternative,0.22984000000000002,0.078234
292,,0.456,0.752,11,-8.121,0,0.09,0.0095,0.00145,0.0573,0.897,183.569,179600.0,4,alternative,0.342912,0.409032
298,,0.437,0.652,0,-6.152,1,0.0288,0.0011,0.614,0.111,0.211,111.888,298467.0,4,alternative,0.284924,0.092207
300,,0.435,0.88,2,-8.451,1,0.0448,0.00265,0.0014,0.436,0.593,91.116,347093.0,4,alternative,0.3828,0.257955
317,,0.43,0.971,9,-3.845,1,0.0524,0.0271,2.16e-05,0.185,0.764,151.219,212000.0,4,alternative,0.41752999999999996,0.32852
321,,0.401,0.901,1,-5.011,0,0.041,0.0704,0.0,0.538,0.839,134.799,193320.0,4,alternative,0.36130100000000004,0.336439
327,,0.465,0.841,11,-5.767,0,0.0633,0.00486,0.0,0.109,0.689,168.743,157533.0,4,alternative,0.391065,0.320385
332,,0.494,0.862,4,-9.158,0,0.0273,0.012,0.213,0.228,0.59,112.596,292800.0,4,alternative,0.425828,0.29146
334,,0.479,0.865,5,-8.281,0,0.0339,3.1e-05,0.228,0.182,0.77,137.902,215203.0,4,alternative,0.41433499999999995,0.36883
337,,0.407,0.424,0,-10.583,1,0.0318,0.0847,0.0,0.234,0.404,113.311,349187.0,3,alternative,0.17256799999999997,0.164428
338,,0.402,0.597,2,-9.258,1,0.0327,0.0385,2.09e-06,0.109,0.496,81.806,287000.0,4,alternative,0.239994,0.199392
342,,0.456,0.857,7,-5.854,1,0.0833,0.00157,0.0344,0.333,0.559,167.709,197427.0,4,alternative,0.39079200000000003,0.254904
343,,0.489,0.913,5,-9.152,0,0.0479,0.00015,0.709,0.0703,0.539,135.756,171747.0,4,alternative,0.446457,0.263571
344,,0.415,0.853,7,-11.098,1,0.038,0.0107,0.000499,0.536,0.302,148.494,197013.0,4,alternative,0.35399499999999995,0.12533
349,,0.491,0.686,11,-8.22,1,0.0289,0.0236,0.263,0.451,0.437,103.715,278827.0,4,alternative,0.336826,0.214567
366,,0.47,0.909,9,-5.215,0,0.0339,0.00732,0.304,0.314,0.534,161.647,219067.0,4,alternative,0.42723,0.25098
371,,0.428,0.714,5,-9.735,1,0.0376,0.0697,0.212,0.163,0.435,94.033,323133.0,4,alternative,0.305592,0.18617999999999998
372,,0.487,0.362,5,-12.041,0,0.0382,0.759,1.63e-05,0.0673,0.292,108.778,199227.0,4,alternative,0.17629399999999998,0.142204
374,,0.469,0.852,2,-10.821,1,0.0446,0.422,2.68e-06,0.474,0.344,113.616,118960.0,4,alternative,0.39958799999999994,0.16133599999999998
381,,0.439,0.971,11,-5.855,0,0.177,0.0148,1.34e-05,0.255,0.24,118.369,163880.0,4,alternative,0.426269,0.10536
386,,0.42,0.33,9,-13.925,1,0.0275,0.245,0.000679,0.0677,0.175,157.143,295600.0,3,alternative,0.1386,0.0735
406,,0.401,0.13,5,-17.638,1,0.0312,0.989,0.305,0.101,0.213,93.091,210653.0,4,alternative,0.05213,0.085413
412,,0.457,0.93,2,-4.544,0,0.0673,0.0309,6.27e-05,0.135,0.294,139.819,309307.0,4,alternative,0.42501000000000005,0.134358
419,,0.494,0.735,5,-8.347,1,0.0345,0.00401,3.14e-06,0.544,0.742,132.526,283000.0,4,alternative,0.36308999999999997,0.366548
432,,0.442,0.793,11,-5.378,0,0.0354,0.0557,0.0,0.0934,0.547,123.67,202867.0,4,alternative,0.35050600000000004,0.24177400000000002
433,,0.462,0.84,2,-6.666,1,0.0346,4.98e-05,6.47e-05,0.0893,0.804,75.54,246440.0,4,alternative,0.38808,0.37144800000000006
436,,0.486,0.449,5,-10.298,1,0.0267,0.166,2.23e-06,0.54,0.549,100.456,254293.0,4,alternative,0.218214,0.266814
441,,0.428,0.899,9,-10.716,1,0.0462,0.00609,0.0,0.279,0.724,135.248,221347.0,4,alternative,0.384772,0.309872
443,,0.498,0.889,0,-5.413,1,0.0546,0.0947,1.62e-06,0.733,0.696,134.88,283360.0,4,alternative,0.442722,0.34660799999999997
448,,0.415,0.782,2,-6.745,1,0.0461,0.0011,0.0,0.14,0.564,135.029,148480.0,4,alternative,0.32453,0.23405999999999996
449,,0.42,0.965,0,-1.986,1,0.0403,0.0981,0.000335,0.0784,0.846,176.243,169920.0,4,alternative,0.4053,0.35531999999999997
450,,0.489,0.788,10,-11.654,1,0.0452,0.176,7.98e-05,0.196,0.88,165.877,179507.0,4,alternative,0.385332,0.43032
454,,0.465,0.731,2,-10.592,1,0.0724,0.448,0.00112,0.297,0.638,129.684,184600.0,4,alternative,0.339915,0.29667000000000004
456,,0.456,0.894,9,-4.602,1,0.037,0.458,0.485,0.0695,0.926,151.333,241991.0,4,alternative,0.407664,0.422256
457,,0.483,0.397,1,-10.805,1,0.0301,0.409,0.177,0.144,0.517,124.572,268933.0,4,alternative,0.191751,0.249711
466,,0.424,0.873,9,-6.13,0,0.0434,0.00451,0.0202,0.109,0.82,157.403,208041.0,4,alternative,0.370152,0.34768
467,,0.429,0.668,4,-7.539,0,0.044,0.208,0.0,0.538,0.398,77.737,211067.0,4,alternative,0.286572,0.170742
481,,0.429,0.914,7,-9.594,1,0.0505,0.0321,9.26e-05,0.436,0.685,155.588,221507.0,4,alternative,0.392106,0.29386500000000004
482,,0.417,0.586,2,-12.217,1,0.04,0.000358,0.0457,0.0957,0.966,183.704,175640.0,4,alternative,0.24436199999999997,0.40282199999999996
483,,0.46,0.765,2,-13.655,1,0.179,0.006,2.14e-06,0.111,0.196,167.764,176227.0,4,alternative,0.35190000000000005,0.09016
487,,0.49,0.83,4,-9.283,1,0.0512,0.0922,0.0,0.0719,0.966,162.105,195133.0,4,alternative,0.40669999999999995,0.47334
492,,0.417,0.598,4,-6.08,0,0.0476,0.035,4.8e-06,0.416,0.782,157.935,136960.0,4,alternative,0.24936599999999998,0.326094
497,,0.44,0.904,11,-4.409,0,0.177,0.275,7.45e-06,0.106,0.546,138.104,167840.0,4,alternative,0.39776,0.24024
505,,0.484,0.425,2,-10.851,1,0.288,0.338,2.02e-05,0.0429,0.603,197.674,203507.0,4,alternative,0.2057,0.291852
506,,0.434,0.614,6,-8.334,1,0.0525,0.486,0.000196,0.394,0.787,147.681,109667.0,4,alternative,0.266476,0.34155800000000003
512,,0.438,0.805,8,-6.237,1,0.0624,0.00255,5.69e-05,0.0842,0.564,113.253,240800.0,4,alternative,0.35259,0.24703199999999997
519,,0.465,0.483,7,-13.882,0,0.0343,0.828,0.771,0.248,0.804,146.014,110493.0,4,alternative,0.22459500000000002,0.37386
530,,0.456,0.711,2,-9.205,1,0.0362,0.203,6.61e-06,0.13,0.412,124.021,173800.0,4,alternative,0.324216,0.18787199999999998
536,,0.435,0.912,5,-6.895,0,0.0965,0.555,0.537,0.773,0.321,138.564,175893.0,4,alternative,0.39672,0.139635
539,,0.453,0.788,9,-9.23,0,0.0341,0.00438,0.000121,0.131,0.55,78.504,139160.0,4,alternative,0.356964,0.24915000000000004
540,,0.443,0.727,4,-7.951,1,0.145,0.263,0.000141,0.169,0.566,160.82,253333.0,4,alternative,0.322061,0.25073799999999996
541,,0.432,0.917,2,-7.067,1,0.12,0.111,3.48e-06,0.112,0.45,70.947,178067.0,4,alternative,0.396144,0.1944
542,,0.423,0.896,4,-9.555,1,0.0368,0.0914,0.668,0.35,0.732,99.156,160840.0,4,alternative,0.379008,0.30963599999999997
546,,0.484,0.655,4,-11.118,1,0.0316,0.033,0.0,0.0885,0.634,133.158,167453.0,4,alternative,0.31702,0.306856
554,,0.413,0.725,3,-5.787,0,0.0324,0.369,2.16e-05,0.0905,0.44,124.618,429760.0,4,alternative,0.299425,0.18172
556,,0.451,0.818,2,-8.124,1,0.0439,0.135,2.92e-05,0.052,0.755,124.532,229360.0,4,alternative,0.36891799999999997,0.340505
560,,0.428,0.843,9,-7.655,1,0.0747,0.058,0.0334,0.115,0.885,143.758,158800.0,4,alternative,0.36080399999999996,0.37878
562,,0.428,0.923,2,-4.454,0,0.123,0.0108,0.436,0.0985,0.681,151.005,146738.0,4,alternative,0.395044,0.291468
563,,0.405,0.592,11,-12.309,1,0.0698,0.262,0.021,0.166,0.659,82.736,208667.0,4,alternative,0.23976,0.26689500000000005
571,,0.476,0.731,0,-7.658,1,0.148,0.484,0.000392,0.129,0.613,126.8,142613.0,4,alternative,0.347956,0.291788
572,,0.491,0.696,9,-10.114,1,0.0301,0.707,0.0,0.211,0.893,144.765,165360.0,4,alternative,0.341736,0.438463
574,,0.415,0.72,7,-11.177,1,0.0492,0.481,0.0,0.185,0.619,176.785,234627.0,4,alternative,0.29879999999999995,0.256885
578,,0.492,0.553,9,-8.6,1,0.0397,0.406,0.000105,0.163,0.431,125.936,167200.0,4,alternative,0.27207600000000004,0.212052
580,,0.439,0.795,2,-9.424,1,0.0314,0.00407,0.00114,0.296,0.789,84.846,212067.0,4,alternative,0.349005,0.34637100000000004
581,,0.463,0.926,7,-3.204,1,0.122,0.0555,0.0,0.478,0.437,91.197,284987.0,4,alternative,0.42873800000000006,0.202331
591,,0.413,0.545,0,-7.681,1,0.0455,0.144,0.0,0.322,0.513,181.343,216189.0,4,alternative,0.225085,0.211869
594,,0.48,0.651,2,-5.195,1,0.0286,0.191,4.89e-06,0.0864,0.458,124.097,263571.0,4,alternative,0.31248,0.21984
598,,0.488,0.469,9,-8.366,1,0.0321,0.553,0.0243,0.147,0.104,116.863,303055.0,4,alternative,0.228872,0.050752
606,,0.491,0.535,0,-7.924,1,0.0258,0.636,0.477,0.186,0.148,144.098,292769.0,3,alternative,0.262685,0.072668
608,,0.444,0.271,11,-9.682,0,0.0265,0.898,0.0266,0.0873,0.122,78.0,178267.0,4,alternative,0.12032400000000001,0.054168
614,,0.488,0.835,2,-7.89,1,0.0358,0.000501,0.000773,0.359,0.228,92.007,265160.0,4,alternative,0.40747999999999995,0.111264
617,,0.441,0.278,0,-13.884,1,0.0401,0.772,0.0423,0.0522,0.0729,123.716,197835.0,4,alternative,0.12259800000000001,0.0321489
619,,0.424,0.37,7,-11.085,1,0.0286,0.327,0.000825,0.253,0.486,169.987,168325.0,4,alternative,0.15688,0.206064
627,,0.413,0.63,6,-7.732,1,0.0459,0.166,0.001,0.0839,0.198,132.157,222656.0,4,alternative,0.26019,0.081774
631,,0.458,0.557,9,-10.289,0,0.0253,0.0763,0.000471,0.0996,0.539,77.06,217648.0,4,alternative,0.25510600000000005,0.24686200000000003
644,,0.476,0.653,2,-8.576,1,0.158,0.0633,5.04e-05,0.432,0.227,98.998,135000.0,4,alternative,0.310828,0.108052
652,,0.497,0.486,6,-6.369,1,0.0425,0.656,6.94e-06,0.11,0.409,99.414,230440.0,4,alternative,0.24154199999999998,0.20327299999999998
654,,0.471,0.444,0,-7.323,1,0.028,0.395,5.59e-06,0.0852,0.214,76.122,96489.0,3,alternative,0.209124,0.100794
663,,0.419,0.902,1,-5.195,1,0.0528,0.0312,0.0466,0.3,0.453,157.007,221360.0,4,alternative,0.377938,0.189807
672,,0.466,0.317,6,-11.113,0,0.0492,0.935,0.0959,0.144,0.194,105.622,240125.0,4,alternative,0.14772200000000002,0.09040400000000001
681,,0.443,0.591,9,-8.449,0,0.0296,0.279,0.00329,0.387,0.575,90.655,221692.0,4,alternative,0.26181299999999996,0.254725
682,,0.431,0.665,0,-6.266,0,0.0423,0.189,0.00198,0.204,0.688,126.972,175684.0,4,alternative,0.286615,0.29652799999999996
689,,0.479,0.89,7,-5.014,0,0.176,0.0855,0.0,0.0929,0.325,142.995,199120.0,4,alternative,0.42630999999999997,0.155675
694,,0.421,0.645,0,-9.056,1,0.032,0.000164,0.326,0.369,0.106,144.838,162207.0,4,alternative,0.271545,0.044626
696,,0.439,0.919,1,-4.561,0,0.0649,0.00389,0.437,0.12,0.55,132.301,202777.0,4,alternative,0.403441,0.24145000000000003
697,,0.413,0.876,11,-4.577,1,0.057,0.000938,0.000104,0.387,0.341,164.08,214724.0,4,alternative,0.361788,0.140833
705,,0.407,0.714,2,-8.201,1,0.0478,0.00438,0.00235,0.0914,0.342,125.481,290360.0,4,alternative,0.29059799999999997,0.139194
709,,0.417,0.697,0,-5.508,1,0.0378,0.00186,0.00496,0.313,0.509,180.082,147172.0,4,alternative,0.290649,0.212253
714,,0.456,0.775,2,-7.125,1,0.037,0.000313,0.823,0.674,0.793,80.026,201000.0,4,alternative,0.35340000000000005,0.36160800000000004
716,,0.461,0.87,1,-3.458,0,0.042,0.00527,1.59e-05,0.343,0.79,155.913,176006.0,4,alternative,0.40107000000000004,0.36419
722,,0.462,0.927,6,-3.905,0,0.0452,3.44e-05,0.13,0.0804,0.149,140.011,265893.0,4,alternative,0.42827400000000004,0.068838
723,,0.458,0.703,3,-6.805,0,0.0513,0.0182,0.0106,0.256,0.39,167.904,166754.0,4,alternative,0.321974,0.17862
728,,0.49,0.731,1,-6.572,1,0.0569,0.0226,0.0,0.359,0.588,153.966,164882.0,4,alternative,0.35819,0.28812
731,,0.44,0.863,7,-4.522,1,0.0391,0.00143,0.00197,0.118,0.596,82.538,187636.0,4,alternative,0.37972,0.26224
738,,0.414,0.767,0,-4.948,0,0.0394,0.0024,1.85e-06,0.125,0.224,159.75,281023.0,4,alternative,0.317538,0.092736
741,,0.462,0.855,2,-3.76,1,0.0816,0.0192,0.0,0.261,0.236,137.765,227940.0,4,alternative,0.39501000000000003,0.109032
742,,0.486,0.931,4,-4.992,0,0.0745,0.014,1.77e-06,0.289,0.42,75.099,170426.0,4,alternative,0.45246600000000003,0.20412
748,,0.44,0.913,5,-4.523,1,0.0528,0.00212,0.0,0.207,0.584,158.098,245507.0,4,alternative,0.40172,0.25695999999999997
749,,0.483,0.947,6,-3.205,0,0.0376,0.00773,0.0133,0.131,0.872,169.971,213948.0,4,alternative,0.45740099999999995,0.421176
754,,0.449,0.909,0,-4.809,1,0.0816,6.84e-05,0.00059,0.872,0.515,164.971,216533.0,4,alternative,0.40814100000000003,0.23123500000000002
765,,0.464,0.875,2,-3.672,1,0.081,0.000153,0.0,0.144,0.32,147.126,197653.0,4,alternative,0.406,0.14848
768,,0.48,0.853,6,-5.425,1,0.0828,0.00515,1.94e-06,0.381,0.554,148.476,166474.0,4,alternative,0.40943999999999997,0.26592
773,,0.471,0.863,5,-4.919,1,0.0568,0.0191,2.05e-06,0.235,0.69,184.107,183693.0,4,alternative,0.406473,0.32498999999999995
776,,0.421,0.963,9,-2.976,1,0.0502,0.000121,0.0,0.121,0.679,125.239,179920.0,4,alternative,0.405423,0.28585900000000003
779,,0.435,0.714,2,-5.062,1,0.0451,0.142,0.0,0.0952,0.494,159.858,163786.0,4,alternative,0.31059,0.21489
787,,0.487,0.509,0,-9.051,1,0.0241,0.58,0.00878,0.115,0.2,94.017,206465.0,4,alternative,0.247883,0.0974
798,,0.474,0.921,9,-10.431,0,0.0457,0.00491,0.85,0.476,0.696,93.01,122339.0,4,alternative,0.436554,0.329904
800,,0.483,0.129,5,-20.149,0,0.0349,0.947,0.145,0.106,0.203,137.35,161929.0,3,alternative,0.062307,0.098049
802,,0.404,0.664,1,-6.698,1,0.0407,0.542,0.00402,0.11,0.0949,107.747,351640.0,4,alternative,0.26825600000000005,0.0383396
806,,0.498,0.81,7,-4.065,1,0.0263,0.00392,0.00717,0.0635,0.594,79.935,189160.0,4,alternative,0.40338,0.29581199999999996
813,,0.457,0.757,1,-5.177,1,0.032,0.0206,0.0,0.146,0.417,102.961,266600.0,4,alternative,0.345949,0.190569
827,,0.412,0.477,9,-9.381,0,0.029,0.0542,0.798,0.0975,0.141,75.302,214680.0,4,alternative,0.19652399999999998,0.05809199999999999
828,,0.454,0.82,2,-4.193,1,0.0567,0.132,0.000969,0.115,0.575,166.303,234800.0,4,alternative,0.37228,0.26105
831,,0.445,0.543,0,-8.196,1,0.0272,0.000825,0.0137,0.202,0.102,99.963,278640.0,4,alternative,0.24163500000000002,0.04539
835,,0.454,0.404,3,-10.26,1,0.027,0.146,0.819,0.141,0.313,94.113,319560.0,4,alternative,0.18341600000000002,0.142102
843,,0.497,0.638,1,-5.31,1,0.0274,0.0467,0.0,0.385,0.77,172.01,137142.0,4,alternative,0.317086,0.38269000000000003
845,,0.404,0.647,3,-10.452,1,0.0409,0.0434,0.198,0.1,0.351,180.128,456000.0,4,alternative,0.261388,0.141804
846,,0.434,0.677,10,-7.535,1,0.119,0.384,0.0684,0.119,0.218,167.923,204209.0,4,alternative,0.293818,0.094612
849,,0.448,0.511,6,-9.084,1,0.0274,0.362,0.823,0.129,0.112,96.321,291640.0,4,alternative,0.22892800000000002,0.050176000000000005
857,,0.421,0.247,10,-14.655,1,0.143,0.665,0.375,0.115,0.139,161.468,433916.0,4,alternative,0.103987,0.058519
859,,0.47,0.131,6,-13.29,1,0.0362,0.933,0.00245,0.109,0.115,118.836,315961.0,3,alternative,0.06157,0.05405
863,,0.433,0.724,5,-6.126,0,0.0372,0.1,0.0,0.0918,0.689,174.006,268105.0,4,alternative,0.313492,0.29833699999999996
864,,0.457,0.343,0,-9.387,1,0.0305,0.805,0.0182,0.12,0.0562,119.94,285051.0,4,alternative,0.15675100000000003,0.025683400000000002
872,,0.415,0.748,4,-5.008,1,0.0481,0.00305,0.0,0.0903,0.154,120.056,258419.0,4,alternative,0.31042,0.06391
873,,0.443,0.226,2,-12.507,0,0.0359,0.939,0.0201,0.14,0.196,79.142,300361.0,3,alternative,0.100118,0.086828
875,,0.465,0.696,10,-6.233,0,0.0363,0.00777,0.00196,0.142,0.0494,174.806,234858.0,4,alternative,0.32364,0.022971000000000002
900,,0.466,0.436,8,-11.303,1,0.0392,0.114,0.000376,0.0693,0.146,161.036,245125.0,4,alternative,0.20317600000000002,0.068036
903,,0.455,0.456,0,-8.182,1,0.17,0.326,0.0014,0.0958,0.187,100.01,268213.0,4,alternative,0.20748000000000003,0.08508500000000001
907,,0.491,0.87,0,-5.138,1,0.0393,0.000141,0.000729,0.368,0.314,131.989,232320.0,4,alternative,0.42717,0.154174
910,,0.431,0.284,2,-11.858,1,0.0432,0.871,0.000136,0.0899,0.229,98.317,204067.0,1,alternative,0.12240399999999999,0.09869900000000001
925,,0.487,0.759,11,-4.849,1,0.0405,0.0273,0.0,0.165,0.227,80.958,208360.0,4,alternative,0.369633,0.110549
926,,0.485,0.747,11,-7.188,1,0.0339,0.00416,0.0123,0.157,0.589,151.212,184549.0,4,alternative,0.362295,0.285665
927,,0.45,0.677,1,-6.428,1,0.0313,0.0319,3.02e-06,0.126,0.324,174.027,191294.0,4,alternative,0.30465000000000003,0.1458
960,,0.409,0.594,1,-9.725,1,0.031,0.032,0.0391,0.0904,0.212,110.187,209455.0,4,alternative,0.24294599999999997,0.086708
962,,0.469,0.771,5,-7.071,1,0.338,0.518,0.000197,0.0789,0.298,88.968,210385.0,4,alternative,0.361599,0.139762
982,,0.466,0.905,11,-4.486,1,0.0759,0.0182,0.000634,0.214,0.544,160.958,189360.0,4,alternative,0.42173000000000005,0.253504
983,,0.421,0.95,4,-4.603,1,0.0662,0.00145,1.1e-05,0.245,0.472,160.02,192120.0,4,alternative,0.39994999999999997,0.19871199999999997
1001,,0.484,0.731,1,-6.694,1,0.0379,0.431,0.0,0.151,0.51,101.654,204280.0,4,alternative,0.353804,0.24684
1006,,0.47,0.623,0,-5.655,1,0.0302,0.392,0.000439,0.0992,0.298,77.861,225973.0,4,alternative,0.29280999999999996,0.14006
1013,,0.48,0.87,1,-4.792,1,0.0362,0.00438,0.00603,0.0826,0.584,161.953,297933.0,4,alternative,0.41759999999999997,0.28031999999999996
1016,,0.436,0.85,2,-4.86,1,0.0617,0.000861,0.74,0.128,0.537,152.644,183093.0,4,alternative,0.3706,0.234132
1017,,0.454,0.873,2,-5.072,1,0.122,0.000244,1.73e-05,0.0847,0.562,159.814,167773.0,4,alternative,0.396342,0.25514800000000004
1018,,0.421,0.79,10,-6.227,1,0.0538,0.00205,0.000309,0.148,0.279,162.024,188867.0,4,alternative,0.33259,0.11745900000000001
1019,,0.489,0.892,11,-4.757,0,0.0786,0.000369,0.00293,0.411,0.598,137.93,160886.0,4,alternative,0.436188,0.29242199999999996
1023,,0.489,0.769,5,-3.524,1,0.038,0.00135,0.56,0.0727,0.637,128.985,215827.0,4,alternative,0.376041,0.311493
1027,,0.492,0.807,10,-3.677,0,0.0854,0.205,0.00275,0.384,0.477,107.087,229805.0,4,alternative,0.397044,0.23468399999999998
1038,,0.404,0.268,1,-9.631,1,0.0341,0.583,0.0,0.102,0.124,134.587,268433.0,3,alternative,0.10827200000000001,0.050096
1063,,0.471,0.773,9,-6.862,1,0.0478,0.142,0.289,0.224,0.527,166.945,203876.0,4,alternative,0.364083,0.248217
1077,,0.48,0.938,9,-2.729,1,0.0504,0.00932,0.0,0.299,0.692,78.537,176006.0,4,alternative,0.45024,0.33215999999999996
1090,,0.497,0.553,5,-8.243,1,0.102,0.149,0.00141,0.303,0.505,185.986,141290.0,4,alternative,0.274841,0.250985
1099,,0.49,0.746,10,-5.458,1,0.042,0.00972,1.58e-05,0.0235,0.948,165.056,208013.0,4,alternative,0.36554,0.46452
1105,,0.491,0.527,7,-6.556,1,0.0474,0.658,0.0,0.122,0.151,120.423,179360.0,4,alternative,0.258757,0.074141
1106,,0.481450642,0.73721401,6,-5.454322882,0,0.050346695,0.058483274,0.006955781,0.172172356,0.480145158,131.3519559,231361.2534,4,alternative,0.35493215840589437,0.23116619457229143
1107,,0.489897955,0.641528399,8,-9.002527264,0,0.03485122,0.230008944,4.21e-05,0.114830816,0.531603818,122.8651528,215953.0182,4,alternative,0.3142834507445241,0.2604316233083922
1114,,0.480129895,0.805010172,3,-5.977638539,0,0.034215791,0.020699011,0.019171056,0.099656522,0.688830796,129.6088439,236074.7901,4,alternative,0.38650944935629195,0.33072825775624637
1125,,0.49508934,0.75550087,2,-7.812014497,0,0.044304457,0.117024339,0.010707057,0.10331223,0.38952394,122.3603003,246443.484,4,alternative,0.3740404270977258,0.1928491503687996
1126,,0.482422835,0.615324432,3,-9.16496019,0,0.040475137,0.082137793,0.002373936,0.227308097,0.547244127,138.3924622,236133.6641,4,alternative,0.29684655693020473,0.26400306318444006
1141,,0.473479292,0.706845492,2,-5.507461093,0,0.041859662,0.156649553,0.019574639,0.215247477,0.550496536,116.1987661,223018.3562,4,alternative,0.33467670310555164,0.26064871011373253
1143,,0.465015239,0.792435951,2,-7.743193247,0,0.048881102,0.239081246,0.007256195,0.169052157,0.626215158,129.1218779,182580.7689,4,alternative,0.3684947931464573,0.2911995913627928
1148,,0.487144283,0.662374954,3,-6.978203928,0,0.042266975,0.248135514,0.008453145,0.201680097,0.627809173,124.1931004,214276.0255,4,alternative,0.32267217204348797,0.305833649441908
1158,,0.46923261,0.75456473,5,-5.395053333,0,0.047379799,0.050882658,0.021264829,0.113662097,0.405628753,116.0939573,232863.1255,4,alternative,0.3540663776718453,0.19033423846123534
1163,,0.465110513,0.839711346,4,-9.04520984,0,0.056976791,0.069100116,0.005267891,0.103101922,0.692937383,115.1882021,215816.9259,4,alternative,0.39055857490998047,0.32229246168400744
1168,,0.469353102,0.755706016,4,-6.434106548,0,0.055456804,0.05925364,0.017985241,0.190593049,0.553645533,145.2345643,195899.5848,4,alternative,0.3546929628096616,0.25985524832199336
1203,,0.475530686,0.727289224,7,-7.936445181,0,0.041032564,0.271099398,0.022055259,0.213976051,0.538303803,120.9635005,185498.321,4,alternative,0.34584834360912764,0.25597997671699885
1204,,0.495997358,0.832927966,8,-6.389498567,0,0.045191465,0.279396057,0.014186265,0.157251856,0.563892669,109.1640345,242740.4391,4,alternative,0.4131300705403138,0.2796892740195685
1205,,0.459646574,0.763625926,6,-5.488703381,0,0.054009023,0.14504001,0.022809163,0.159951176,0.682579588,122.345394,226554.8677,4,alternative,0.3509980407034775,0.3137453691065315
1208,,0.472385937,0.825887543,3,-6.666951176,0,0.038976986,0.15709937,0.024367534,0.226018661,0.513560231,117.9022314,191662.2644,4,alternative,0.3901376608566828,0.24259863092687145
1211,,0.48949311,0.720353622,5,-6.15022069,0,0.049245173,0.125028528,0.00211866,0.193323066,0.689799416,130.1795737,213698.0336,4,alternative,0.35260813473254443,0.3376520614140238
1215,,0.466454375,0.612898276,7,-8.734603306,0,0.041215386,0.200242099,0.015282453,0.13148839,0.607974192,115.877059,216051.0256,4,alternative,0.28588908227015747,0.28359222174549
1217,,0.499337938,0.803846013,4,-6.74464497,0,0.050500959,0.076873951,0.007298066,0.21092391,0.367329806,103.6237884,227368.488,4,alternative,0.4013908106009412,0.18342170789398002
1221,,0.493879021,0.754294211,5,-6.824849274,0,0.039012236,0.063412559,0.025770946,0.222029505,0.603439263,141.6956304,238182.4918,4,alternative,0.3725300864746474,0.2980259924434015
1227,,0.463641706,0.581251131,2,-6.920392397,0,0.045076427,0.291909112,7.6e-05,0.162870652,0.476106404,121.8299881,229497.1054,4,alternative,0.2694922659912695,0.2207427853880852
1230,,0.46527907,0.828701985,6,-6.038612118,0,0.035945003,0.246615545,0.02393391,0.098582863,0.679963477,138.6578887,238487.8591,4,alternative,0.38557768888795396,0.3163727742125264
1235,,0.470849377,0.582983501,4,-7.206569901,0,0.042245254,0.026111436,0.013492481,0.164144698,0.474746883,141.0554925,241681.778,4,alternative,0.27449741824712887,0.2235342740932419
1239,,0.494932003,0.556007382,6,-6.817682238,0,0.046346771,0.019307452,0.019993312,0.136098005,0.710285324,115.7094914,203123.3269,4,alternative,0.27518584725604617,0.351542938108824
1245,,0.470015751,0.772198142,5,-8.257538999,0,0.058014608,0.130079355,0.019479328,0.20452638,0.570463215,108.6037819,213358.6839,4,alternative,0.36294528963293465,0.26812669641609943
1246,,0.485999758,0.618040976,6,-8.356930341,0,0.035573412,0.124409918,0.024303346,0.174254317,0.534929643,132.1392299,206010.5172,4,alternative,0.3003677647700838,0.2599756770450264
1249,,0.496759154,0.561761908,2,-6.252455943,0,0.056735464,0.262916864,0.002720731,0.195671576,0.668265987,127.304122,193274.4755,4,alternative,0.27906037016750584,0.33196724634909497
1250,,0.463041255,0.653756566,2,-8.670558371,0,0.051865591,0.070707573,0.007006845,0.18762543,0.427718093,132.2375172,183885.7213,4,alternative,0.3027162607851303,0.1980511225689267
1253,,0.47078354,0.813533466,4,-8.393170239,0,0.05140831,0.216477434,0.02663511,0.100223046,0.678644036,142.1835807,231239.4946,4,alternative,0.3829981650319496,0.3194944416679674
1256,,0.475598077,0.655433328,3,-9.192125168,0,0.061141959,0.013076381,0.004720115,0.11193675,0.404381276,118.7269377,230168.2586,4,alternative,0.31172283039851023,0.19232295724040627
1262,,0.478687166,0.81725773,6,-6.90051973,0,0.057122197,0.236281991,0.000677111,0.192471893,0.369846479,114.0186507,180068.6189,4,alternative,0.3912107866652932,0.17704076288758852
1265,,0.490733942,0.842139812,2,-7.981235686,0,0.03603304,0.126660009,0.015132771,0.166486727,0.572638423,114.2131958,200176.5348,4,alternative,0.41326658965789886,0.28101311065945345
1269,,0.484323904,0.742313851,7,-6.389602549,0,0.038798546,0.143490023,0.010309326,0.152884012,0.463313147,111.1511106,244694.4105,4,alternative,0.35952034230959434,0.2243936321295659
1270,,0.46398697,0.629767135,6,-9.00348322,0,0.048739776,0.218801213,0.000321263,0.123843374,0.662586411,111.0332541,225566.3665,4,alternative,0.29220374477423094,0.3074314612030647
1276,,0.465284172,0.579584215,3,-6.134927236,0,0.053984981,0.120699751,0.022307089,0.142496937,0.43785532,110.3772289,182723.4329,4,alternative,0.269671361580545,0.20372715002199504
1277,,0.464380991,0.846444909,2,-6.774799954,0,0.039594058,0.073732917,0.004230159,0.232120905,0.61346548,127.8855108,192634.8901,4,alternative,0.39307292566832486,0.2848817075466907
1278,,0.461451141,0.810461563,3,-6.968914992,0,0.044991415,0.055919262,0.011592837,0.209976552,0.63667016,134.4385286,239380.0593,4,alternative,0.3739884129829934,0.29379217177265254
1280,,0.460784232,0.738043265,7,-7.046892591,0,0.056476255,0.148674291,0.001933392,0.142808765,0.377329819,125.8476561,220461.7421,4,alternative,0.34007869904579746,0.173867630858614
1287,,0.465026537,0.762929798,5,-7.04154403,0,0.061762208,0.144443201,0.006026189,0.143370425,0.665163898,118.3779598,224531.9286,4,alternative,0.35478260193804956,0.3093188640243612
1290,,0.491050211,0.637311202,6,-8.78358723,0,0.040762629,0.03715006,0.013530369,0.096261512,0.41685458,136.5122044,196881.3758,4,alternative,0.31295180021476365,0.20469652946531638
1291,,0.490618638,0.566003767,2,-7.572366787,0,0.056301034,0.151658581,0.024412448,0.09688873,0.548972103,110.196345,217801.53,4,alternative,0.2776919972684093,0.2693359454738557
1297,,0.475185246,0.845388387,6,-5.973623318,0,0.036984469,0.259634132,0.01940692,0.154561507,0.718584683,111.5761245,194973.3696,4,alternative,0.4017160886421382,0.341460839363187
1300,,0.471066762,0.796032955,7,-5.753380488,0,0.056569846,0.195133492,0.007388725,0.160880138,0.55637938,120.0527808,195821.8655,4,alternative,0.37498466655714174,0.2620918329801676
1304,,0.464571332,0.765403725,3,-7.458680634,0,0.038876385,0.144462126,0.020405835,0.14306568,0.39858619,115.8647163,202209.1948,4,alternative,0.3555846280410117,0.18517171720510509
1305,,0.472574464,0.59799095,8,-8.111368864,0,0.044779221,0.291731438,0.016069658,0.108398755,0.714999383,109.7505095,228309.4332,4,alternative,0.2825952526731008,0.3378904501815557
1307,,0.491682457,0.63926199,6,-6.740110937,0,0.062353118,0.011625345,0.026518855,0.170551862,0.70478827,139.4632491,207304.0898,4,alternative,0.31431390590990943,0.3465320282583794
1308,,0.486834163,0.826308648,2,-5.849272669,0,0.046633135,0.210972213,0.018977138,0.120420999,0.551811662,125.1467496,203725.7435,4,alternative,0.4022752790287416,0.2686407686034089
1312,,0.491619774,0.827981389,8,-7.784330625,0,0.042695076,0.232400168,0.007087482,0.17829509,0.48202764,111.2907964,228146.252,4,alternative,0.40705202333638607,0.23697431943855335
1314,,0.488229718,0.776304544,3,-7.132023286,0,0.053809028,0.126387999,0.022398226,0.220924102,0.634205214,143.0820664,240921.1955,4,alternative,0.3790149485992386,0.3096378327853496
1319,,0.481164907,0.655913979,7,-7.246130006,0,0.042224721,0.255805156,0.001128169,0.118076683,0.44497828,127.886239,189070.0129,4,alternative,0.31560278870553493,0.21410793271321996
1320,,0.496449523,0.651143147,2,-5.837722083,0,0.055975221,0.078368515,0.003951742,0.144724713,0.635773824,143.8263596,185048.6455,4,alternative,0.32325970473286886,0.315629611660686
1321,,0.468199365,0.647312512,7,-6.625051328,0,0.051550233,0.237532568,0.011604501,0.229299179,0.411870584,143.8817381,225877.2927,4,alternative,0.30307130707495483,0.19283754589097915
1325,,0.497497246,0.814976017,5,-6.478571222,0,0.040171823,0.239239941,0.002861506,0.188543687,0.606184035,118.8209807,244345.5681,4,alternative,0.4054483240135492,0.3015748879816676
1329,,0.466822756,0.647197774,5,-6.767222802,0,0.058392905,0.220035877,0.004961759,0.18149195,0.385907011,103.1814922,231735.7929,4,alternative,0.30212664853574517,0.18015017443474232
1331,,0.46166149,0.647006194,3,-5.432412354,0,0.051771835,0.144329129,0.015667228,0.183212249,0.453851972,143.6353487,206462.1937,4,alternative,0.2986978435612691,0.20952597763295827
1332,,0.498760335,0.640426333,2,-7.199074456,0,0.043642586,0.01924699,0.013287767,0.106140274,0.423377933,119.5984779,180435.441,4,alternative,0.31941925238990154,0.21116411969468754
1334,,0.469689194,0.579916072,5,-6.023738986,0,0.036234588,0.256504852,0.011432239,0.136058952,0.66763044,132.5230426,184883.4821,4,alternative,0.27238031244532596,0.3135788032534654
1340,,0.484719507,0.825746833,3,-7.085575793,0,0.035506677,0.156059484,0.015872463,0.16751462,0.677415046,119.2579495,242156.4591,4,alternative,0.4002555977985713,0.32835628713150233
1341,,0.461378683,0.576358258,5,-5.39672155,0,0.043016383,0.254284801,0.005346684,0.129037216,0.655256938,115.7321646,228640.4696,4,alternative,0.2659194140122142,0.3023215830810526
1347,,0.49557705,0.744157237,7,-5.697858715,0,0.034766329,0.2074448,0.025011912,0.101947831,0.667475075,103.598596,219801.4688,4,alternative,0.36878724824861087,0.33078532861702875
1348,,0.477612953,0.58037701,4,-6.454667084,0,0.047721722,0.071385819,0.000145804,0.151644562,0.641170317,122.5905208,228575.05,4,alternative,0.27719557759941055,0.3062312484783161
1351,,0.47545473,0.667582023,5,-7.670824212,0,0.059710595,0.265994749,0.010180309,0.160067578,0.728447781,111.0017707,211949.8051,4,alternative,0.3174050304983188,0.3463439430344541
1355,,0.49780602,0.640721241,7,-5.363362117,0,0.053976325,0.119514049,0.006869821,0.183305088,0.41573786,125.3956004,212903.0886,4,alternative,0.31895489091167084,0.2069568094499172
1356,,0.467917232,0.629644156,7,-5.817852694,0,0.0400237,0.191139258,0.017550914,0.220305163,0.579261366,143.809409,194189.9637,4,alternative,0.2946213506204962,0.2710463749832589
1359,,0.468076391,0.839188059,7,-7.715950368,0,0.037948768,0.250475414,0.020782478,0.160774459,0.364455507,129.7166277,181254.1957,4,alternative,0.3928041180270151,0.17059301839663524
1364,,0.480092145,0.664666566,4,-6.459287914,0,0.045455618,0.06556022,0.023448356,0.189530952,0.622189069,117.1349973,220581.2199,4,alternative,0.31910119738072407,0.298708084731763
1366,,0.492188807,0.797820917,6,-8.15959969,0,0.051994307,0.033676241,0.012519074,0.224154513,0.670171485,136.4620828,189662.5853,4,alternative,0.392678525337876,0.3298509036875684
1372,,0.479318571,0.647107069,8,-5.499871511,0,0.044608425,0.060403922,0.014663569,0.237715948,0.449550483,105.6079966,218330.1384,4,alternative,0.3101704355970784,0.2154778951039198
1378,,0.48035265,0.659533053,5,-7.513328596,0,0.04859268,0.156524762,0.002937685,0.188987879,0.465602512,121.1500694,184428.627,4,alternative,0.3168084497711404,0.2236534004858568
1383,,0.487811967,0.649746369,7,-7.559141799,0,0.056705485,0.089829274,0.01526032,0.192852397,0.476014117,123.3955261,239758.9387,4,alternative,0.31695405431299783,0.23220538273353816
1397,,0.479101204,0.654788058,3,-8.382828274,0,0.054022279,0.09115049,0.007733,0.143482774,0.493062681,113.2612242,213520.9821,4,alternative,0.3137097469526218,0.23622692411456792
1402,,0.490193452,0.658047495,8,-6.578107771,0,0.039761781,0.104882048,0.001205523,0.166487872,0.407419197,126.4140182,226587.6375,4,alternative,0.3225705731540027,0.19971422258849802
1411,,0.472957297,0.767779374,2,-6.770929667,0,0.056666392,0.223090399,0.009627647,0.187722194,0.401985764,143.8807257,191795.1618,4,alternative,0.36312685741939205,0.1901221003739199
1414,,0.491834052,0.848325642,7,-8.942115191,0,0.058356721,0.219090183,0.014442567,0.173872972,0.610175981,127.5054788,221769.1313,4,alternative,0.41723543792036144,0.300105325168305
1416,,0.469157261,0.80326742,2,-5.389941318,0,0.043418755,0.151613196,0.011189822,0.096197336,0.599638136,118.2980032,236680.1874,4,alternative,0.3768587426177366,0.28132458547690553
1417,,0.471158153,0.790384175,2,-5.486721134,0,0.03935336,0.016430904,0.024099094,0.158680784,0.46378566,142.8597485,205327.5332,4,alternative,0.3723959480534288,0.218516394953486
1424,,0.4583349,0.801569448,2,-7.637662692,0,0.036947538,0.269100895,0.022063047,0.235564899,0.713999978,141.6742232,234856.8976,4,alternative,0.3673872527921352,0.3272511085166322
1425,,0.488926145,0.686390561,7,-6.545676545,0,0.042173672,0.018643691,0.020552577,0.131512363,0.705263662,129.6397693,192758.8308,4,alternative,0.3355942909541173,0.344821843470243
1437,,0.493586748,0.695631398,3,-7.4111681,0,0.034859815,0.012414102,0.013349756,0.197651561,0.73892038,133.9709735,197844.5212,4,alternative,0.3433544395455137,0.36472130739512426
1450,,0.487405062,0.635974799,8,-9.086696853,0,0.061176086,0.114948919,0.000899215,0.12656055,0.657673138,133.0184334,227226.3233,4,alternative,0.3099773363370325,0.3205532166026246
1452,,0.464637473,0.742770207,8,-5.96944071,0,0.045365849,0.225622412,0.007320741,0.197416889,0.392503193,109.3201469,219250.2794,4,alternative,0.3451188720001669,0.1823716917399513
1459,,0.464990066,0.644086359,2,-9.229762475,0,0.045521597,0.216283649,0.020691156,0.204871562,0.3968787,123.4337783,202133.4358,4,alternative,0.29949375858110966,0.18454465290699418
1461,,0.463363775,0.724784529,2,-6.429677496,0,0.038366952,0.167394981,0.001977028,0.142445208,0.576810863,117.0226885,231104.2644,4,alternative,0.33583889541903694,0.26727325894068776
1476,,0.499733152,0.833688656,3,-7.828009263,0,0.053928144,0.049066354,0.00012564,0.237843829,0.43068224,129.3561456,192743.3182,4,alternative,0.4166218598495237,0.21522619330562048
1480,,0.47986108,0.666113559,8,-7.164560332,0,0.038834201,0.269320096,0.006922538,0.162488815,0.560447468,114.8010419,243747.4783,4,alternative,0.31964197182438375,0.26893692727774543
1484,,0.463868637,0.802777468,6,-6.780531783,0,0.050405372,0.021856494,0.018704596,0.220711558,0.43741129,113.6379219,196345.4722,4,alternative,0.3723832898954711,0.20290137890071172
1492,,0.495463466,0.833969972,6,-7.941327239,0,0.04008719,0.235499052,0.010746769,0.152789268,0.52880264,112.4411379,215511.7357,4,alternative,0.41320165286704297,0.26200238884435023
1493,,0.470585225,0.655411125,8,-7.069548942,0,0.061302808,0.086644425,0.021674661,0.130452687,0.396114623,144.2282528,217326.5776,4,alternative,0.3084267917256281,0.18640568899024518
1494,,0.485148477,0.602045241,8,-8.135801227,0,0.052129505,0.134616452,0.003852395,0.174552302,0.716135788,135.7525856,187159.5808,4,alternative,0.29208133175624795,0.3474321868733949
1500,,0.487616293,0.706268316,2,-7.652287776,0,0.060329723,0.186445695,0.003118767,0.227092812,0.4121804,143.3832308,211237.8455,4,alternative,0.34438793811127255,0.2009858786952572
1502,,0.47420379,0.775204105,3,-6.834354881,0,0.036668999,0.123568679,0.015088145,0.162644294,0.434905715,122.5276668,206695.604,4,alternative,0.36760472461455795,0.20623393834565987
1506,,0.496911534,0.618631855,8,-9.231967781,0,0.035184888,0.025554043,0.020682334,0.119311418,0.515642679,128.0403001,226415.0024,4,alternative,0.30740530404931554,0.2562287946177596
1512,,0.458935937,0.60370145,2,-9.166550732,0,0.047521935,0.036384056,0.004754158,0.230209934,0.40539811,125.872232,243163.2551,4,alternative,0.27706029062400866,0.18605176147087907
1522,,0.495690616,0.669827927,4,-6.983482292,0,0.046807472,0.205191727,0.017453988,0.236476529,0.702535588,126.8210647,181041.2606,4,alternative,0.33202741774863304,0.3482402983776422
1523,,0.483627803,0.699752853,8,-5.987701311,0,0.04492495,0.235609455,4.5e-05,0.233372455,0.393034307,128.6921711,225289.1219,4,alternative,0.338419934939372,0.19008231839803755
1526,,0.473277771,0.703112836,6,-8.338411639,0,0.042938931,0.249245769,0.003103881,0.124451575,0.581803608,109.5153081,196591.2292,4,alternative,0.33276767578356853,0.27535471475399775
1527,,0.478030059,0.672529165,4,-5.421348779,0,0.047694253,0.132400196,0.004502885,0.175013414,0.520686622,105.3850627,243122.8748,4,alternative,0.32148915642417075,0.24890385663517073
1532,,0.480946153,0.831168417,4,-6.878790583,0,0.053175454,0.015313907,0.021235758,0.111809712,0.647146334,109.6569815,209051.6163,4,alternative,0.3997472526512498,0.3112425397653531
1536,,0.486883057,0.70066259,3,-6.299260459,0,0.038917486,0.240549051,0.001216248,0.212355821,0.473043678,135.8043259,205295.6143,4,alternative,0.34114074374473763,0.23031695203916366
1541,,0.474403307,0.782105579,3,-6.963421241,0,0.059401708,0.151660035,0.017610415,0.235189399,0.726058802,113.304136,198573.5527,4,alternative,0.37103347310074974,0.3444446967452582
1545,,0.478382164,0.772925318,2,-7.839686049,0,0.053968677,0.282646867,0.016826964,0.211628619,0.395272717,112.2540473,180175.4966,4,alternative,0.36975368623522814,0.1890914177286196
1548,,0.45905089,0.657012229,7,-8.375673786,0,0.044786589,0.019955965,0.01791104,0.111191966,0.732845304,104.3216667,232168.0126,4,alternative,0.3016020484633338,0.3364132890335206
1550,,0.460955745,0.726091105,5,-8.951469601,0,0.060746446,0.239873353,0.006062431,0.151443712,0.728433643,113.2442052,184579.5751,4,alternative,0.3346958662431482,0.33577567259212904
1555,,0.480695467,0.828594148,3,-8.53577447,0,0.042619577,0.072868723,0.025441887,0.199148223,0.491588989,124.6982266,225647.8709,4,alternative,0.39830145092632707,0.23630459863941283
1556,,0.484662817,0.67317191,8,-7.188276286,0,0.052727494,0.178267685,0.02401778,0.11711075,0.514001103,140.0752219,196638.2608,4,alternative,0.32626139422587047,0.24911722252108717
1561,,0.471503683,0.68206453,5,-8.730145732,0,0.058413358,0.236244705,0.02331468,0.116517417,0.536020684,115.694924,228986.3989,4,alternative,0.321595937938664,0.2527357266701792
1562,,0.462343254,0.803667112,7,-6.570502491,0,0.034346838,0.281759448,0.019434774,0.182003658,0.45120264,116.6608921,185863.2385,4,alternative,0.3715700676948624,0.20861049679099056
1578,,0.493058612,0.67967956,6,-6.20521056,0,0.035892597,0.199833845,0.000637857,0.177781674,0.686767876,103.8206014,191927.5016,4,alternative,0.3351218604583707,0.3386168157067481
1582,,0.484126935,0.66252725,7,-8.741862728,0,0.035922402,0.069541207,0.018600124,0.127491114,0.675202915,140.0573136,208418.226,4,alternative,0.32074728689647874,0.3268839177420155
1584,,0.481710671,0.646223948,5,-8.239787357,0,0.0406812,0.180142139,0.026381405,0.141723716,0.458138604,137.7974726,189418.4735,4,alternative,0.31129297160734914,0.2206902543438433
1585,,0.48471759,0.662391035,2,-5.406415307,0,0.05498936,0.290973325,0.020758881,0.182113714,0.36961571,104.2688824,215209.3622,4,alternative,0.3210725861228056,0.1791592361773389
1597,,0.481443409,0.569584986,5,-6.044034821,0,0.040541596,0.026577709,0.023289247,0.173740806,0.697094679,139.7738209,245470.9755,4,alternative,0.27422293737505726,0.3356116386535207
1604,,0.473634413,0.771339962,8,-7.786970342,0,0.060151918,0.039383105,0.002978691,0.124227193,0.632525527,112.7153826,246026.7044,4,alternative,0.36533315012531226,0.2995858566881606
1617,,0.499423369,0.693249465,7,-6.25034093,0,0.054166647,0.113674371,0.022766343,0.233415404,0.521688106,143.7248442,207676.9427,4,alternative,0.34622498336774754,0.26054323146574915
1618,,0.482263849,0.724962983,3,-7.154271745,0,0.03710137,0.068499544,0.021407656,0.147359058,0.531760327,130.5387413,204303.7747,4,alternative,0.34962343856410155,0.2564487820445186
1620,,0.490060479,0.707045308,6,-8.391818858,0,0.061414429,0.034173582,0.020575089,0.178495153,0.558577948,119.9326981,221158.1051,4,alternative,0.3464949623131825,0.2737369767557171
1626,,0.46045542,0.582171393,7,-8.939669913,0,0.03590907,0.184549804,0.023289295,0.156616941,0.697132391,106.3175728,201357.6031,4,alternative,0.26806397327580006,0.3209983878935092
1628,,0.476173859,0.689266642,4,-8.891207945,0,0.051162043,0.148608073,0.015352521,0.164679735,0.699548788,130.7996111,217671.4621,4,alternative,0.32821075680111145,0.33310684594073287
1634,,0.476274279,0.790306936,6,-7.515493517,0,0.060959005,0.221065314,0.016489396,0.156280383,0.658586916,109.4833352,209907.1298,4,alternative,0.37640286613209917,0.31366800857673355
1641,,0.477535591,0.580668539,2,-7.563299441,0,0.061514315,0.07445493,0.02387719,0.150408403,0.564764429,110.5211172,194389.2504,4,alternative,0.2772898939464716,0.26969511537829255
1647,,0.474317777,0.723788346,5,-8.798525324,0,0.04705725,0.279080297,0.00589054,0.133667319,0.503706446,124.2136817,221808.0077,4,alternative,0.3433056792932268,0.23891692172729057
1649,,0.491278533,0.745495235,4,-5.640822287,0,0.041012621,0.022374876,0.007842723,0.183913773,0.448404895,135.363454,235164.1228,4,alternative,0.3662458054092903,0.22029169900561907
1654,,0.463002357,0.815474424,7,-7.69671727,0,0.035795217,0.165182398,0.018619916,0.216253254,0.563379781,137.126043,244082.0855,4,alternative,0.37756658038521734,0.26084616648914377
1664,,0.476732159,0.593912708,4,-5.950860558,0,0.04391904,0.284495964,0.024665231,0.23308673,0.606624938,134.7286363,234992.1523,4,alternative,0.28313728754237655,0.2891976163959811
1667,,0.466678663,0.607198707,8,-8.380161105,0,0.043198344,0.127909187,0.02330473,0.15908863,0.706830401,110.9550786,187675.5878,4,alternative,0.28336668075808874,0.32986266650643387
1671,,0.479666065,0.797382143,3,-7.527651369,0,0.042198643,0.038835808,0.026384278,0.176298365,0.512500882,129.6875566,190065.085,4,alternative,0.3824771548340773,0.2458292813779693
1682,,0.476341044,0.763287887,5,-5.967698261,0,0.046009798,0.083722122,0.01786899,0.223643194,0.637625482,123.9822235,203182.9508,4,alternative,0.36358534896613404,0.30372718777688323
1687,,0.488986419,0.666135391,6,-5.972150699,0,0.060953255,0.010345062,0.010572236,0.140809591,0.460882319,118.2197914,220734.9776,4,alternative,0.3257311594142548,0.22536519474822567
1695,,0.490045869,0.827159985,8,-7.090664744,0,0.039071455,0.206910398,0.006423402,0.13969603,0.623600605,113.6321549,227494.3335,4,alternative,0.405346333651352,0.3055929003861508
1698,,0.462512817,0.829150344,3,-9.168125452,0,0.050140598,0.270027357,0.002742908,0.130344627,0.722503862,138.6702263,236502.8745,4,alternative,0.38349266131995907,0.3341672965069993
1699,,0.485664519,0.726508622,2,-8.73773016,0,0.056936204,0.165641378,0.008011923,0.208199612,0.515951755,142.778486,217974.7679,4,alternative,0.3528394604529828,0.25057946091928085
1701,,0.476307509,0.809677076,4,-6.743810941,0,0.049227222,0.279354884,0.000874242,0.23558223,0.649592137,131.7752569,192732.9279,4,alternative,0.3856552711639637,0.30940561264045674
1709,,0.475156535,0.676821146,7,-8.217206385,0,0.035694145,0.102324118,0.023070262,0.123484125,0.388920997,122.9105848,237548.9406,4,alternative,0.3215959905480891,0.18479835332326539
1712,,0.493328051,0.681860267,8,-7.535878951,0,0.044104041,0.213383668,0.005640798,0.20052137,0.647778592,129.23706,236191.9954,4,alternative,0.3363807965734496,0.3195673502708842
1714,,0.469953299,0.761278505,2,-7.442118068,0,0.050179186,0.205170538,0.015871538,0.17394966,0.567612788,140.5097857,240557.2715,4,alternative,0.35776534488253803,0.2667515022751876
1718,,0.483845022,0.66396256,5,-8.587480967,0,0.054584016,0.117311071,0.010992351,0.103675011,0.470797067,129.3070052,198300.0164,4,alternative,0.32125497945037634,0.2277928172401505
1724,,0.49408599,0.78626264,8,-9.055002815,0,0.045928932,0.057060246,0.005801657,0.234307122,0.445033033,120.331374,224256.6556,4,alternative,0.3884813548844136,0.21988458669250768
1728,,0.494676936,0.848557996,5,-8.423157891,0,0.057762124,0.058937113,0.011881502,0.15640659,0.656490078,143.063551,237040.8548,4,alternative,0.4197620694795803,0.324750500299441
1731,,0.473008481,0.810660685,6,-8.789497217,0,0.049854656,0.280161471,0.014362638,0.192349392,0.579760647,112.79865,208061.6687,4,alternative,0.3834493792182695,0.27423170298104715
1733,,0.486695224,0.557389319,8,-8.727772245,0,0.056471074,0.231848926,0.006400204,0.234219231,0.440142503,109.2015325,223111.8901,4,alternative,0.2712787194659124,0.21421525408950567
1735,,0.46633127,0.588019335,8,-7.338128724,0,0.059384009,0.209287712,0.009835306,0.202418277,0.64952542,133.200569,186238.4875,4,alternative,0.27421180327510547,0.30289401400588345
1736,,0.468227162,0.654919946,2,-7.207027616,0,0.042701198,0.258763834,0.02156838,0.105678789,0.691622713,142.1541117,205317.1904,4,alternative,0.30665130765277326,0.3238365400827305
1742,,0.486577204,0.820453244,8,-8.622367778,0,0.034498439,0.030472381,0.005629873,0.185875919,0.425029558,142.3371362,218921.6385,4,alternative,0.39921384547824973,0.20680969394899582
1743,,0.490319784,0.755838254,7,-8.040947933,0,0.043874818,0.205960616,0.003212063,0.118175298,0.38293645,119.5681071,207439.2798,4,alternative,0.37060244944021714,0.1877613174497268
1748,,0.483827837,0.751411718,8,-8.873582103,0,0.038579765,0.130812063,0.002526961,0.192099556,0.475015378,140.3004367,192823.9324,4,alternative,0.36355390621639394,0.22982566287947737
1751,,0.498654932,0.834282979,6,-7.340302727,0,0.046169909,0.041762913,6.81e-05,0.206177077,0.557073919,113.9456763,201546.1033,4,alternative,0.41601932216200244,0.27778765719791854
1755,,0.461130774,0.556143061,3,-7.978750273,0,0.042185137,0.176539917,0.005977682,0.198486364,0.637285054,118.0769171,204017.4636,4,alternative,0.25645468017365924,0.29387175020965184
1759,,0.495037714,0.806251123,6,-7.308484513,0,0.059945324,0.105915717,0.008092141,0.101184298,0.517766125,113.7155915,201887.3869,4,alternative,0.39912471283985285,0.25631375890663827
1760,,0.498116725,0.778172052,2,-6.255935292,0,0.042372539,0.144688018,0.018347162,0.223370273,0.381283991,123.1760253,239299.49,4,alternative,0.3876205140287697,0.18992393289184947
1762,,0.485319495,0.634596229,7,-8.013609021,0,0.057523284,0.25975166,0.018949002,0.097218506,0.595913061,142.6431426,198719.8615,4,alternative,0.30798192138718433,0.28920822582842415
1764,,0.472198475,0.609403213,4,-7.308585045,0,0.060972896,0.20453281,0.013879089,0.125882867,0.402733599,145.2901513,185043.1951,4,alternative,0.2877592678387002,0.19017019127906154
1777,,0.47147826,0.835898077,4,-5.878397544,0,0.060998323,0.044901667,0.001463921,0.144037077,0.529985455,126.4192627,241675.7701,4,alternative,0.394107770881306,0.24987662014870832
1802,,0.468948797,0.665254479,2,-5.62801216,0,0.044339501,0.04862752,0.008205234,0.130143413,0.626524491,118.6052186,195324.3953,4,alternative,0.3119702876259117,0.2938079063454873
1808,,0.477448795,0.734408262,5,-7.171142047,0,0.044340343,0.202515394,0.022641353,0.18002107,0.36977315,125.0488294,246538.1463,4,alternative,0.35064233972994424,0.17654774489085423
1820,,0.472334381,0.739659512,8,-9.156715766,0,0.040411269,0.201369489,0.017347996,0.157483237,0.712924895,122.3769862,199880.343,4,alternative,0.3493666177512821,0.336738938979315
1823,,0.476139425,0.59531443,6,-5.988937349,0,0.034816706,0.200513752,0.001896421,0.109971759,0.478490571,141.7362877,218596.0275,4,alternative,0.28345267039440275,0.22782822534386166
1824,,0.470557423,0.558461419,8,-8.343327014,0,0.055599435,0.098598973,0.008054917,0.102866723,0.655950223,131.3332561,207700.7476,4,alternative,0.26278816616956324,0.3086622465511553
1834,,0.471640576,0.577566354,6,-7.644675025,0,0.043853815,0.158146934,0.008549904,0.227600019,0.44691666,130.6104659,240118.7248,4,alternative,0.27240372787877987,0.21078403094639617
1840,,0.47643137,0.650563606,5,-5.481696538,0,0.04487942,0.097055985,0.014681285,0.167367022,0.526409438,129.1342992,209207.2869,4,alternative,0.3099489100787202,0.25079796972727003
1846,,0.496637418,0.800481089,2,-7.204847921,0,0.060420673,0.082933566,0.009840964,0.101285815,0.379663957,116.1597017,214971.3971,4,alternative,0.39754886119878824,0.18855532731214303
1853,,0.494105691,0.830570237,4,-8.194636107,0,0.055658846,0.092351677,0.024802631,0.208169593,0.73008577,138.6043394,241469.9981,4,alternative,0.4103894808769188,0.3607395338751171
1857,,0.47191461,0.705739918,5,-7.239117375,0,0.054796964,0.098254476,0.001837329,0.118022034,0.482161471,120.9881591,232501.9836,4,alternative,0.333048978164402,0.22753904254399132
1861,,0.459223382,0.806001373,3,-5.941433354,0,0.048727487,0.057997223,0.011832499,0.238979371,0.640699451,123.8980271,227965.3,4,alternative,0.37013467640570347,0.2942241687337633
1864,,0.490573403,0.648095979,5,-8.825626759,0,0.043594938,0.291266739,0.000221324,0.12808883,0.434957429,106.164838,198225.8653,4,alternative,0.31793864988864656,0.2133785461046609
1867,,0.480361412,0.707911033,7,-6.421716554,0,0.038836529,0.085723731,0.008791511,0.130444501,0.603956761,109.0721743,219579.411,4,alternative,0.3400531433822586,0.2901175225009065
1871,,0.461876125,0.636011101,8,-7.403765491,0,0.046630959,0.151396349,0.010046145,0.157950638,0.431674958,106.1423629,183895.2032,4,alternative,0.29375834278686364,0.19938035686057776
1886,,0.473924338,0.757441583,2,-5.443711323,0,0.044985416,0.125301629,0.012301047,0.16020268,0.390758347,114.4445902,210614.1969,4,alternative,0.358970000796947,0.18518989091994928
1890,,0.490931634,0.576936843,7,-7.331343832,0,0.045508966,0.200148786,0.017084428,0.109812962,0.532272428,144.342707,241662.1057,4,alternative,0.2832365470487915,0.2613093728111873
1897,,0.482110142,0.648734533,4,-7.151084531,0,0.037191254,0.062356594,0.00668873,0.165616575,0.522108135,118.8039076,197584.0116,4,alternative,0.3127614978249337,0.25171362710420514
1900,,0.477565177,0.82732683,2,-7.548075738,0,0.041904012,0.218611878,0.01525033,0.134457169,0.515569654,127.6650224,188669.9048,4,alternative,0.3951024840057989,0.24621811306833877
1911,,0.474387522,0.710502794,5,-9.024661624,0,0.034202365,0.231682026,0.02208405,0.168713614,0.715347137,115.0940013,230018.4571,4,alternative,0.3370536598197365,0.3393517556912245
1921,,0.472339085,0.734142847,8,-9.001034969,0,0.036048651,0.031958867,0.003562277,0.227623761,0.659116734,112.4676653,223353.6251,4,alternative,0.34676436061127497,0.3113265950457484
1931,,0.464535699,0.621394065,8,-8.029474963,0,0.054891051,0.069463143,0.015606879,0.151410613,0.604785182,104.4625979,236435.8181,4,alternative,0.2886597263392265,0.28094430726521225
1933,,0.499087561,0.573855933,8,-7.046646077,0,0.053827331,0.160519606,0.001286203,0.120547099,0.68032734,124.2434147,245933.2193,4,alternative,0.28640435796634944,0.3395429128022177
1937,,0.458541537,0.615645391,8,-7.979612804,0,0.055875766,0.055476879,0.011919544,0.144848287,0.414443921,133.233361,220523.3484,4,alternative,0.28229898383610597,0.19003975253564656
1938,,0.496216663,0.656892563,4,-8.219042937,0,0.034559091,0.145403814,0.008456311,0.12285564,0.708926878,136.4937676,239053.8465,4,alternative,0.3259610355613773,0.35178132971216813
1939,,0.47812035,0.627919502,2,-7.844713584,0,0.057066323,0.146069249,0.004306052,0.102210278,0.570528603,133.9784837,208235.5902,4,alternative,0.30022109206806574,0.27278133535137106
1943,,0.458631236,0.606053418,5,-9.127010214,0,0.050312463,0.251993713,0.003568031,0.210807332,0.597289182,139.5438415,205000.4051,4,alternative,0.2779550281793646,0.273935475790089
1945,,0.485451106,0.739048872,3,-6.279100965,0,0.0473701,0.048253295,0.013679731,0.161153767,0.68877188,140.4604741,231497.547,4,alternative,0.3587720923004525,0.3343650709276993
1955,,0.469110424,0.674279226,4,-8.371211176,0,0.048632604,0.249659918,0.006288302,0.192319483,0.43889186,105.6585245,220143.8289,4,alternative,0.3163114136032518,0.20588874653474867
1958,,0.475462216,0.740683619,6,-8.505205768,0,0.051699846,0.128437582,0.005245957,0.155954695,0.387593904,103.4018903,189942.6797,4,alternative,0.3521670748446397,0.18428625650393127
1963,,0.472720794,0.682717837,8,-8.77638424,0,0.042523293,0.164972899,0.021766613,0.20698737,0.384138035,135.6218424,214688.0852,4,alternative,0.3227349179846026,0.18159003691079978
1968,,0.476838786,0.64359453,7,-8.843925947,0,0.055868754,0.14371033,0.020911703,0.205202825,0.424228489,116.7393914,244657.2297,4,alternative,0.3068908343614406,0.20228859768137436
1972,,0.484819638,0.751809326,8,-9.153670448,0,0.042845495,0.177446064,0.011253697,0.177066138,0.500930645,135.1330866,190870.8046,4,alternative,0.364491925276344,0.2428610139720065
1974,,0.474827096,0.567344227,4,-6.154125175,0,0.039224577,0.134320429,0.017625008,0.106614943,0.602370132,117.2338568,186445.5701,4,alternative,0.26939041173877476,0.2860216604946967
1976,,0.482975486,0.781115242,8,-6.327030398,0,0.061363155,0.095611445,0.024480758,0.098411024,0.493609699,139.1190834,213187.0579,4,alternative,0.37725951362695764,0.23840138426883872
1985,,0.476585725,0.608121238,5,-8.841614835,0,0.04786503,0.046720093,0.024377317,0.209116214,0.513015482,115.0295862,183319.2345,4,alternative,0.2898219011001275,0.24449585542519447
1990,,0.473308848,0.764626596,6,-5.862944731,0,0.053420717,0.156682657,0.008461675,0.198506316,0.551902131,103.6585554,224987.9274,4,alternative,0.36190453330292144,0.2612201618323551
1991,,0.496643174,0.641001479,6,-8.864821812,0,0.037314714,0.065181024,0.021272105,0.161875699,0.687920806,136.6185782,190289.714,4,alternative,0.3183490090692544,0.3416511725524783
1995,,0.476892377,0.669033596,7,-5.629234733,0,0.056282227,0.043368157,0.008281236,0.211319519,0.552494968,122.7356336,243346.1647,4,alternative,0.3190570218892977,0.26348063857005893
1998,,0.487349439,0.681573275,3,-6.290319499,0,0.054521729,0.110548725,0.018767204,0.133547879,0.632557965,126.46391,230228.7991,4,alternative,0.33216435320864274,0.3082767693777317
2024,,0.489870653,0.634613965,4,-7.456074185,0,0.051465336,0.134880147,0.01575832,0.154400709,0.633889335,116.3731531,218737.9372,4,alternative,0.3108787574374691,0.3105237824661857
2031,,0.468097196,0.8353451,6,-6.822637627,0,0.052933899,0.243392294,0.003170678,0.17778519,0.452202776,135.4094145,246977.2215,4,alternative,0.39102269900233955,0.21167485146901607
2035,,0.478203479,0.735032518,5,-6.888175227,0,0.052440038,0.074240368,0.023212838,0.193979683,0.412727581,116.9639013,195887.6889,4,alternative,0.35149510728573014,0.1973677651134543
2051,,0.462390109,0.754994374,4,-6.911851632,0,0.038688693,0.112903014,0.018966241,0.180699832,0.439141907,124.5451872,237348.4611,4,alternative,0.34910193088824676,0.20305487424419785
2056,,0.498665842,0.659471502,7,-8.5852794,0,0.039763874,0.112050871,0.020928946,0.16112539,0.428678894,121.1023345,193277.9631,4,alternative,0.3288559118198347,0.21376752162413876
2059,,0.496728736,0.79865964,7,-8.752935754,0,0.052367924,0.261253398,0.006678808,0.104707204,0.697606885,106.4997076,221227.9847,4,alternative,0.39671719347141504,0.34652138621094736
2067,,0.483620783,0.621100068,6,-7.342503981,0,0.061323342,0.228666588,0.014858248,0.230438818,0.61033589,115.0790274,237262.9415,4,alternative,0.3003769012075132,0.29517112101480186
2074,,0.462951224,0.692684961,6,-6.722225715,0,0.03734828,0.026946862,0.000804956,0.189524026,0.405126874,143.8889613,202582.1336,4,alternative,0.3206793505413423,0.1875539821935938
2075,,0.484824169,0.689336552,8,-7.537855696,0,0.035569628,0.146697125,0.022666594,0.222427837,0.459149739,116.3919438,202871.0717,4,alternative,0.3342070209847253,0.2226068906572419
2082,,0.491810003,0.73001391,2,-6.75416189,0,0.036225179,0.276670599,0.018760362,0.10793428,0.598923894,119.3025693,188450.3015,4,alternative,0.3590281432671418,0.29455676210491166
2097,,0.473188458,0.576648651,7,-5.463612102,0,0.050522163,0.146381226,0.018250211,0.216488616,0.400269466,129.7319156,227257.0186,4,alternative,0.27286348597447013,0.18940289140102343
2102,,0.474510481,0.732592309,8,-6.263565669,0,0.034613063,0.131478633,0.004561295,0.144943726,0.366016775,133.7345597,228407.9872,4,alternative,0.3476227289204906,0.1736787959593188
2104,,0.480519772,0.636189461,6,-8.377435289,0,0.054875789,0.055924459,0.023802262,0.119109492,0.46952785,108.9089328,228129.6843,4,alternative,0.30570161474852287,0.22561741542965022
